﻿标题,区域,描述,关注信息,总价（万）,单价（元/平方米）
湖光小区南北通透户型 诚心出售,湖光小区南区-怀柔,3室1厅 | 77.84平米 | 南 北 西 | 简装 | 低楼层(共6层)  | 暂无数据,4人关注 / 1个月以前发布,280,35972
独栋别墅，围合式花园，大型社区环境优美,天恒半山世家-怀柔,5室2厅 | 194.23平米 | 东 南 西 北 | 毛坯 | 2层 | 2012年建 | 暂无数据 | 独栋别墅 ,9人关注 / 1个月以前发布,996,51280
满五唯一，方正格局，额外封闭阳台，地下室！还有阁楼,翠竹园小区-怀柔,2室2厅 | 74.85平米 | 南 | 精装 | 顶层(共6层)  | 暂无数据,26人关注 / 3个月以前发布,255,34069
怀柔独栋，业主诚心出售，看房方便,东亚华欣湾-怀柔,4室2厅 | 572.93平米 | 南 北 | 毛坯 | 底层(共3层) | 2015年建 | 板楼,6人关注 / 3个月以前发布,1200,20945
怀柔独栋，交通便利，200平大院，看房随时,东亚华欣湾-怀柔,7室2厅 | 551.36平米 | 南 北 | 毛坯 | 底层(共3层) | 2015年建 | 板楼,4人关注 / 2个月以前发布,1180,21402
东关一区 南北三居 户型方正 布局合理,东关一区-怀柔,3室1厅 | 107.36平米 | 南 北 | 精装 | 顶层(共6层) | 2012年建 | 板楼,3人关注 / 2个月以前发布,275,25615
世嘉光织谷  南北通透 带电梯 户型方正,世嘉光织谷东区-怀柔,2室2厅 | 95.38平米 | 南 北 | 精装 | 中楼层(共7层)  | 暂无数据,1人关注 / 1个月以前发布,275,28833
天恒半山世家三期独栋别墅  独立车库  高地势的位置,天恒半山世家-怀柔,8室3厅 | 406.38平米 | 南 东 北 西 | 毛坯 | 底层(共2层) | 2012年建 | 板楼,40人关注 / 6个月以前发布,1399,34426
怀柔 龙山新新小镇 徽派独栋别墅 精装修 价可再议,龙山新新小镇六期-怀柔,5室2厅 | 493.16平米 | 南 北 | 精装 | 底层(共1层) | 2011年建 | 板楼,6人关注 / 2个月以前发布,1500,30417
怀柔香水城独栋别墅 大花园500平米 北欧风格 视野开阔,欧郡香水城-怀柔,5室2厅 | 329.38平米 | 南 北 东南 | 毛坯 | 底层(共2层)  | 暂无数据,6人关注 / 9天以前发布,1080,32789
怀柔香水城独栋别墅 大花园700平米 环境优美 视野开阔,欧郡香水城-怀柔,5室3厅 | 491.38平米 | 南 北 西 | 其他 | 底层(共2层) | 2009年建 | 暂无数据,14人关注 / 29天以前发布,1500,30527
怀柔龙山新新小镇双拼别墅空气好,龙山新新小镇六期-怀柔,5室2厅 | 344.67平米 | 南 北 | 精装 | 底层(共3层) | 2008年建 | 板楼,45人关注 / 一年前发布,950,27563
怀柔 龙山新新小镇 独栋别墅 您喜欢的 苏州园林风格,龙山新新小镇六期-怀柔,5室2厅 | 459.6平米 | 南 北 | 毛坯 | 底层(共2层) | 2009年建 | 暂无数据,20人关注 / 一年前发布,1500,32638
怀柔 龙山新新小镇 独栋别墅 苏州园林风格 价可再议,龙山新新小镇六期-怀柔,5室3厅 | 459.55平米 | 南 北 | 毛坯 | 底层(共2层) | 2009年建 | 板楼,29人关注 / 一年前发布,1500,32641
业主诚意出售，看房随时，景观好，采光好,红螺湖-怀柔,6室3厅 | 516.44平米 | 南 | 精装 | 底层(共2层) | 2004年建 | 暂无数据,32人关注 / 11个月以前发布,1300,25173
怀柔 独栋别墅  精装修  有大花园 看房方便,龙山新新小镇六期-怀柔,4室2厅 | 206.33平米 | 南 北 | 精装 | 底层(共2层)  | 暂无数据,103人关注 / 9个月以前发布,850,41197
怀柔 精装双拼别墅  小区环境好 交通便利,龙山新新小镇六期-怀柔,4室2厅 | 247.61平米 | 南 北 | 精装 | 底层(共2层)  | 暂无数据,96人关注 / 8个月以前发布,815,32915
怀柔 龙山新新小镇苏州园林风格独栋别墅 装修好价可议,龙山新新小镇六期-怀柔,5室3厅 | 458.53平米 | 东 南 西 北 | 精装 | 底层(共2层)  | 暂无数据,1人关注 / 10天以前发布,1398,30489
怀柔 独栋别墅 户型好一层带大花园 若您有意价可再意,龙山新新小镇六期-怀柔,4室2厅 | 238.15平米 | 南 北 | 精装 | 底层(共2层) | 2004年建 | 板楼,1人关注 / 31天以前发布,850,35692
怀柔 龙山新新小镇 独栋别墅 小区环境好价格低,龙山新新小镇六期-怀柔,6室2厅 | 238.15平米 | 南 北 | 其他 | 底层(共2层) | 2002年建 | 暂无数据,10人关注 / 一年前发布,900,37792
怀柔 龙山新新小镇 独栋别墅 环境好 花园大,龙山新新小镇六期-怀柔,4室2厅 | 207.25平米 | 南 北 | 精装 | 底层(共2层)  | 暂无数据,132人关注 / 一年前发布,845,40773
怀柔 龙山逸墅联排别墅 带有花园有露台 价可再意,万通龙山逸墅-怀柔,4室2厅 | 320.68平米 | 南 北 | 毛坯 | 底层(共3层) | 2012年建 | 板楼,4人关注 / 1个月以前发布,760,23700
独栋别墅 独门独院 苏州园林气息 安静宜居 价可再议,龙山新新小镇六期-怀柔,5室2厅 | 457.86平米 | 南 北 | 精装 | 底层(共2层) | 2009年建 | 板塔结合,75人关注 / 一年前发布,1500,32762
怀柔 红螺湖别墅 景观好 价可再议,红螺湖-怀柔,5室3厅 | 755.32平米 | 南 北 | 精装 | 底层(共2层) | 2004年建 | 暂无数据,43人关注 / 一年前发布,2600,34423
裕华园一区一居室非顶楼满五年唯一住房,裕华园一区-怀柔,1室1厅 | 58.23平米 | 南 北 | 精装 | 顶层(共8层) | 2004年建 | 板楼,15人关注 / 1个月以前发布,140,24043
商品房 满五年唯一 南北通透 正规三居室，中间楼层,风瑞二园-怀柔,3室2厅 | 117.17平米 | 南 北 | 其他 | 顶层(共3层)  | 暂无数据,2人关注 / 27天以前发布,245,20910
世嘉光织谷西区经典三居室 东西通透，满五唯一,世嘉光织谷西区-怀柔,3室2厅 | 108.78平米 | 东 西 | 其他 | 中楼层(共6层)  | 暂无数据,33人关注 / 7个月以前发布,282,25924
怀柔县城，近水库，南北三居室，满五唯一，中层电梯房,丽湖馨居-怀柔,3室2厅 | 131.62平米 | 南 北 | 精装 | 中楼层(共9层) | 2001年建 | 板楼,8人关注 / 3个月以前发布,515,39128
成熟高端商品房社区，改善大三居,益田影人四季花园-怀柔,3室2厅 | 190.91平米 | 南 北 | 其他 | 中楼层(共8层)  | 板塔结合,6人关注 / 3个月以前发布,520,27238
怀柔龙山新新小镇 品质独栋别墅,万通龙山新新小镇-怀柔,7室2厅 | 337.66平米 | 南 北 | 其他 | 底层(共3层)  | 暂无数据,4人关注 / 2个月以前发布,1180,34947
怀柔裕华园一区精装南北通透两居室，业主诚意出售,裕华园一区-怀柔,2室1厅 | 80.42平米 | 南 北 东 | 精装 | 顶层(共2层) | 2014年建 | 板楼,18人关注 / 2个月以前发布,190,23626
府前觀邸小区   经典三居室   东西通透,府前觀邸-怀柔,3室2厅 | 133.69平米 | 东 西 | 简装 | 高楼层(共12层)  | 暂无数据,1人关注 / 1个月以前发布,495,37026
天恒半山世家 三区 独栋别墅 环境优美 视野开阔,天恒半山世家-怀柔,4室2厅 | 299.11平米 | 东 南 西 北 | 毛坯 | 2层  | 板楼 | 独栋别墅 ,1人关注 / 6天以前发布,1400,46806
房子诚心出售，南北通透，动静分离的格局,益田影人四季花园-怀柔,3室2厅 | 190.29平米 | 南 北 | 其他 | 中楼层(共8层) | 2012年建 | 板塔结合,11人关注 / 一年前发布,530,27853
顶秀美泉 精装三居 双卫格局 业主诚心出售,顶秀美泉家园-怀柔,3室2厅 | 132.96平米 | 南 北 | 精装 | 中楼层(共5层)  | 暂无数据,34人关注 / 一年前发布,410,30837
楼层好，视野开阔，采光充足，配套完善,顶秀美泉小镇-怀柔,2室1厅 | 89.66平米 | 南 北 | 其他 | 中楼层(共4层)  | 板楼,22人关注 / 7个月以前发布,338,37698
南北通透 三室两厅两卫 的格局,益田影人四季花园-怀柔,3室2厅 | 190.21平米 | 南 北 | 精装 | 顶层(共6层) | 2012年建 | 板塔结合,3人关注 / 7个月以前发布,550,28916
