﻿标题,区域,描述,关注信息,总价（万）,单价（元/平方米）
龙湖长城源著二期  西向三层洋房 精装修带电梯,龙湖长城源著-密云其它,1室1厅 | 36.87平米 | 西 | 精装 | 中楼层(共6层)  | 暂无数据,1人关注 / 6个月以前发布,75,20342
京溪小区 三居室 南北通透 采光好,京溪小区-密云其它,3室2厅 | 102.95平米 | 南 北 | 精装 | 顶层(共6层) | 2000年建 | 板楼,46人关注 / 4个月以前发布,120,11657
龙湖长城源著 精装修 视野好 无遮挡,龙湖长城源著-密云其它,1室0厅 | 36.39平米 | 东 | 精装 | 中楼层(共8层)  | 板楼,3人关注 / 3个月以前发布,78,21435
龙湖长城源著 2室1厅 100万,龙湖长城源著-密云其它,2室1厅 | 58.23平米 | 东 | 精装 | 中楼层(共8层)  | 板楼,36人关注 / 3个月以前发布,100,17174
沿湖小区南区 2室2厅 245万,沿湖小区南区-密云其它,2室2厅 | 88平米 | 南 北 | 其他 | 低楼层(共6层)  | 暂无数据,2人关注 / 3个月以前发布,245,27841
懿品府 独栋出售 满二年 无抵押 诚意出售,懿品府小区-密云其它,6室4厅 | 343.48平米 | 南 北 | 简装 | 3层 | 2012年建 | 暂无数据 | 独栋别墅 ,6人关注 / 2个月以前发布,780,22709
龙湖长城原著二期 南向精装修带电梯开间出售,龙湖长城源著-密云其它,1室0厅 | 41.03平米 | 南 | 精装 | 中楼层(共6层)  | 板楼,1人关注 / 2个月以前发布,95,23154
檀州家园东区 4室3厅 432万,檀州家园东区-密云其它,4室3厅 | 187.06平米 | 南 北 | 精装 | 顶层(共6层) | 2017年建 | 板楼,1人关注 / 2个月以前发布,432,23095
檀州家园东区 2室1厅 218万,檀州家园东区-密云其它,2室1厅 | 102.1平米 | 南 北 | 精装 | 顶层(共4层)  | 暂无数据,2人关注 / 2个月以前发布,218,21352
龙湖长城源著一层 朝西 精装修开间出售,龙湖长城源著-密云其它,1室0厅 | 36.49平米 | 西 | 精装 | 底层(共6层) | 2018年建 | 板楼,9人关注 / 2个月以前发布,74,20280
环境优美，带电梯的花园洋房，次新房。,万科云溪-密云其它,3室2厅 | 113.94平米 | 南 北 | 毛坯 | 顶层(共5层) | 2017年建 | 板楼,9人关注 / 2个月以前发布,248,21766
龙湖长城源著 1室0厅 78万,龙湖长城源著-密云其它,1室0厅 | 36.62平米 | 西 | 简装 | 9层 | 2015年建 | 板楼,1人关注 / 2个月以前发布,78,21300
龙湖长城源著 2室1厅 148万,龙湖长城源著-密云其它,2室1厅 | 62.57平米 | 东南 西北 | 精装 | 底层(共4层)  | 暂无数据,0人关注 / 1个月以前发布,148,23654
龙湖长城源著 2室1厅 175万,龙湖长城源著-密云其它,2室1厅 | 83.61平米 | 南 北 | 精装 | 中楼层(共4层)  | 暂无数据,0人关注 / 1个月以前发布,175,20931
龙湖长城源著 1室1厅 95万,龙湖长城源著-密云其它,1室1厅 | 41.29平米 | 南 | 简装 | 高楼层(共6层)  | 板楼,1人关注 / 1个月以前发布,95,23008
龙湖长城源著 3房间1卫 140万,龙湖长城源著-密云其它,3房间1卫 | 54.21平米 | 南 | 简装 | 4层  | 板楼,0人关注 / 1个月以前发布,140,25826
龙湖长城源著 3房间1卫 160万,龙湖长城源著-密云其它,3房间1卫 | 53.91平米 | 南 | 简装 | 4层  | 板楼,0人关注 / 1个月以前发布,160,29680
龙湖长城源著 1室0厅 73万,龙湖长城源著-密云其它,1室0厅 | 36.43平米 | 东 | 其他 | 中楼层(共6层)  | 板楼,3人关注 / 1个月以前发布,73,20039
龙湖长城源著 1室0厅 78万,龙湖长城源著-密云其它,1室0厅 | 36.55平米 | 西 | 其他 | 6层  | 板楼,1人关注 / 1个月以前发布,78,21341
远大美域 5室2厅 550万,远大美域-密云其它,5室2厅 | 293.7平米 | 南 北 | 毛坯 | 3层 | 2016年建 | 暂无数据 | 双拼别墅 ,14人关注 / 1个月以前发布,550,18727
龙湖长城源著 2室1厅 160万,龙湖长城源著-密云其它,2室1厅 | 83.66平米 | 南 北 | 精装 | 中楼层(共4层)  | 暂无数据,0人关注 / 1个月以前发布,160,19126
龙湖长城源著 2室1厅 135万,龙湖长城源著-密云其它,2室1厅 | 78.39平米 | 南 北 | 精装 | 底层(共9层) | 2015年建 | 板楼,0人关注 / 1个月以前发布,135,17222
龙湖长城源著 1室1厅 125万,龙湖长城源著-密云其它,1室1厅 | 58.28平米 | 西 | 精装 | 高楼层(共6层) | 2018年建 | 板楼,0人关注 / 27天以前发布,125,21449
龙湖长城源著一期 LOFT朝南叠拼 两室 看房方便,龙湖长城源著-密云其它,2室2厅 | 82.86平米 | 南 北 | 精装 | 4层 | 2015年建 | 板楼,214人关注 / 6个月以前发布,159,19189
龙湖长城源筑 二期 东向低楼层观景开间出售,龙湖长城源著-密云其它,1室0厅 | 36.55平米 | 东 | 精装 | 底层(共8层)  | 板楼,9人关注 / 6个月以前发布,76,20794
龙湖长城源著  二期 6层南向洋房 精装修带电梯,龙湖长城源著-密云其它,1室0厅 | 39平米 | 南 | 精装 | 顶层(共6层)  | 板楼,10人关注 / 6个月以前发布,99,25385
龙湖长城二期，位置好，南向，15平大阳台，直接看长城,龙湖长城源著-密云其它,1室1厅 | 58.28平米 | 南 | 精装 | 9层 | 2018年建 | 板楼,41人关注 / 4个月以前发布,105,18017
首创澜茵山  密云的房子 商品房,首创澜茵山-密云其它,3室1厅 | 96.6平米 | 南 北 | 其他 | 高楼层(共15层)  | 暂无数据,25人关注 / 4个月以前发布,205,21222
龙湖长城一期，层数高 视野好 水镇长城安家,龙湖长城源著-密云其它,2室1厅 | 79.33平米 | 东南 | 精装 | 8层  | 板楼,13人关注 / 3个月以前发布,159,20043
首创澜茵山 4室2厅 220万,首创澜茵山-密云其它,4室2厅 | 123.09平米 | 南 北 | 其他 | 顶层(共4层)  | 暂无数据,28人关注 / 3个月以前发布,220,17874
长城古北水镇度假山景公寓，精装民宿,龙湖长城源著-密云其它,1室1厅 | 32.67平米 | 西 | 精装 | 顶层(共6层)  | 暂无数据,12人关注 / 3个月以前发布,95,29079
龙湖长城二期 南向开间 大面积 观景房,龙湖长城源著-密云其它,1室0厅 | 40.73平米 | 南 | 精装 | 中楼层(共6层)  | 板楼,8人关注 / 3个月以前发布,100,24552
龙湖长城源筑2期 一层可以看长城 精装修,龙湖长城源著-密云其它,2室1厅 | 63.57平米 | 东 | 精装 | 底层(共1层)  | 暂无数据,20人关注 / 3个月以前发布,125,19664
龙湖长城源著 1室1厅 79万,龙湖长城源著-密云其它,1室1厅 | 36.43平米 | 西 | 其他 | 低楼层(共6层)  | 板楼,19人关注 / 3个月以前发布,79,21686
龙湖长城源著 1室1厅 82万,龙湖长城源著-密云其它,1室1厅 | 36.58平米 | 西 | 其他 | 中楼层(共6层)  | 板楼,4人关注 / 3个月以前发布,82,22417
满二年，现楼前新建了停车场，停车方便,京溪小区-密云其它,2室1厅 | 80.42平米 | 南 北 | 其他 | 底层(共6层)  | 暂无数据,29人关注 / 2个月以前发布,130,16166
密云华润橡树湾 3室2厅 320万,密云华润橡树湾-密云其它,3室2厅 | 108.8平米 | 南 北 | 其他 | 低楼层(共20层) | 2016年建 | 板楼,16人关注 / 2个月以前发布,320,29412
70年大产权，视野好，面积大，装修好，价格低，诚意卖,龙湖长城源著-密云其它,1室1厅 | 40.73平米 | 南 | 精装 | 中楼层(共6层)  | 板楼,50人关注 / 2个月以前发布,90,22097
精装修，小户型，低总价，位置好，干净整洁,龙湖长城源著-密云其它,1室1厅 | 42.79平米 | 南 | 其他 | 顶层(共6层)  | 暂无数据,10人关注 / 1个月以前发布,96.7,22599
龙湖长城源著 1室0厅 75万,龙湖长城源著-密云其它,1室0厅 | 36.39平米 | 东 | 其他 | 底层(共6层)  | 板楼,39人关注 / 1个月以前发布,75,20611
长城原著二期带小院精装开间 亲子度假 看房方便,龙湖长城源著-密云其它,1室1厅 | 36.46平米 | 东 | 精装 | 6层 | 2016年建 | 板楼,13人关注 / 1个月以前发布,88,24137
密云华润橡树湾 2室2厅 255万,密云华润橡树湾-密云其它,2室2厅 | 90.96平米 | 南 北 | 简装 | 顶层(共3层) | 2016年建 | 板楼,7人关注 / 1个月以前发布,255,28035
业主诚意出售，随时签约，看房方便,北京机床研究所家属楼-密云其它,2室1厅 | 61.21平米 | 南 北 | 精装 | 顶层(共4层) | 2000年建 | 板楼,220人关注 / 一年前发布,115.8,18919
一层带小院 满五唯一 南北三居 诚意出售,东菜园社区-密云其它,3室2厅 | 155.43平米 | 南 北 | 精装 | 底层(共6层) | 2006年建 | 板楼,19人关注 / 一年前发布,450,28952
精装修好，可直接入住，业主诚心出售看房方便。,龙湖长城源著-密云其它,2室1厅 | 83.5平米 | 东南 | 精装 | 8层 | 2015年建 | 板楼,7人关注 / 7个月以前发布,175,20959
精装山景房 采光视野好 总价低 业主诚心出售随时看房,龙湖长城源著-密云其它,1室1厅 | 46.75平米 | 东 | 精装 | 9层 | 2015年建 | 板楼,4人关注 / 7个月以前发布,150,32086
龙湖长城源著 一期带电梯精装修开间出售,龙湖长城源著-密云其它,1室0厅 | 40.61平米 | 南 | 简装 | 中楼层(共8层)  | 暂无数据,7人关注 / 6个月以前发布,105,25856
龙湖长城 带电梯 精装修 随时看房 户型端正,龙湖长城源著-密云其它,2室2厅 | 78.56平米 | 南 北 | 精装 | 底层(共8层) | 2015年建 | 板楼,5人关注 / 6个月以前发布,150,19094
长城脚下是我家，龙湖长城源著 看房方便,龙湖长城源著-密云其它,2室2厅 | 53.76平米 | 南 北 | 精装 | 低楼层(共8层) | 2015年建 | 板楼,12人关注 / 6个月以前发布,130,24182
龙湖长城源著2期 带电梯精装修西向一居 业主诚意出售,龙湖长城源著-密云其它,1室1厅 | 39.92平米 | 西 | 精装 | 中楼层(共4层) | 2015年建 | 板楼,18人关注 / 6个月以前发布,90,22546
龙湖长城源筑 2期 叠拼底层双南向两居室出售,龙湖长城源著-密云其它,2室1厅 | 63.68平米 | 南 | 简装 | 底层(共3层) | 2015年建 | 板楼,9人关注 / 6个月以前发布,168,26382
龙湖长城源著 1室0厅 75万,龙湖长城源著-密云其它,1室0厅 | 36.55平米 | 西 | 简装 | 6层  | 板楼,8人关注 / 6个月以前发布,75,20520
密云 临湖 独栋 精装 没住过400平花园,君山别墅-密云其它,5室3厅 | 314.88平米 | 南 北 | 精装 | 底层(共2层)  | 暂无数据,11人关注 / 一年前发布,1100,34934
龙湖长城源著 1室0厅 96万,龙湖长城源著-密云其它,1室0厅 | 40.42平米 | 南 | 精装 | 8层  | 板楼,6人关注 / 28天以前发布,96,23751
独栋精装修别墅，有房本，家庭名下唯一住房，省税,赏星悦木-密云其它,5室3厅 | 224.7平米 | 东 南 西 北 | 精装 | 底层(共2层)  | 暂无数据,18人关注 / 一年前发布,1060,47175
商品房，南北通透，楼层好，精装修，带电梯,保利花园-密云其它,3室1厅 | 123.62平米 | 南 北 | 精装 | 顶层(共4层) | 2011年建 | 暂无数据,12人关注 / 一年前发布,398,32196
商品房满五年北京市家庭名下唯一住宅 靠谱签约,众智家园-密云其它,3室2厅 | 156.93平米 | 南 北 | 其他 | 顶层(共6层)  | 板楼,68人关注 / 一年前发布,191,12172
南北通透，中间楼层，2011年的房子楼龄新,保利花园-密云其它,3室2厅 | 129.91平米 | 南 北 | 其他 | 顶层(共4层) | 2011年建 | 板楼,17人关注 / 一年前发布,323,24864
毛坯房 花园近200平米 南入户北花园。,君山别墅-密云其它,5室2厅 | 392.98平米 | 南 北 | 毛坯 | 底层(共2层)  | 暂无数据,3人关注 / 11个月以前发布,1100,27992
满五年唯一 南北通透  楼层好 采光充足,鼓楼西区-密云其它,3室2厅 | 126平米 | 南 北 | 简装 | 高楼层(共7层) | 2005年建 | 板楼,9人关注 / 8个月以前发布,323,25635
精装修 南北通透 方正户型 全天阳光无遮挡,京溪小区-密云其它,2室1厅 | 103.65平米 | 南 北 | 其他 | 高楼层(共6层)  | 暂无数据,45人关注 / 8个月以前发布,150,14472
密云众智家园小区 三居室 户型方正！,众智家园-密云其它,3室2厅 | 148.96平米 | 南 北 | 其他 | 高楼层(共6层) | 2009年建 | 暂无数据,10人关注 / 7个月以前发布,208,13964
果园新里北区独立院的社区，楼下有一个10平储藏间,果园新里北区-密云其它,2室1厅 | 56.22平米 | 南 北 | 精装 | 中楼层(共5层) | 1982年建 | 板楼,15人关注 / 7个月以前发布,159,28282
明珠花园南北通透大四居优质选择,明珠花园-密云其它,4室2厅 | 160平米 | 南 北 | 精装 | 高楼层(共6层)  | 板楼,9人关注 / 6个月以前发布,230,14375
龙湖长城源筑 一期叠拼平层两居室 精装修,龙湖长城源著-密云其它,2室1厅 | 79.75平米 | 南 北 | 精装 | 4层  | 板楼,5人关注 / 6个月以前发布,170,21317
密云 环境好 精装修 业主诚心 出售随时签约,龙湖长城源著-密云其它,2室1厅 | 64.81平米 | 南 | 简装 | 底层(共7层)  | 暂无数据,0人关注 / 5个月以前发布,150,23145
京溪小区 三居室 南北通透 采光好,京溪小区-密云其它,3室1厅 | 94.78平米 | 南 北 | 精装 | 顶层(共5层)  | 暂无数据,11人关注 / 4个月以前发布,140,14772
学府花园 2室2厅 210万,学府花园-密云其它,2室2厅 | 87.37平米 | 南 北 | 简装 | 顶层(共6层)  | 板楼,1人关注 / 3个月以前发布,210,24036
商品房，南北通透花园洋房，一层有花园,保利花园-密云其它,2室1厅 | 90.34平米 | 南 北 | 精装 | 底层(共1层)  | 暂无数据,14人关注 / 3个月以前发布,230,25460
中加福园 2室1厅 200万,中加福园-密云其它,2室1厅 | 74.79平米 | 南 | 简装 | 低楼层(共6层)  | 暂无数据,1人关注 / 2个月以前发布,200,26742
檀州家园西区 4室2厅 280万,檀州家园西区-密云其它,4室2厅 | 132.52平米 | 南 北 | 其他 | 顶层(共6层)  | 暂无数据,1人关注 / 2个月以前发布,280,21129
富民新区 南北通透3室2厅2卫 看房方便,富民新区-密云其它,3室2厅 | 118.22平米 | 南 北 | 简装 | 高楼层(共6层)  | 暂无数据,3人关注 / 2个月以前发布,246,20809
龙湖长城源著 2室1厅 150万,龙湖长城源著-密云其它,2室1厅 | 54.62平米 | 南 | 其他 | 顶层(共2层)  | 暂无数据,0人关注 / 2个月以前发布,150,27463
商品房 大产权 精装修  靠谱签约 小区环境..,涧桥山-密云其它,4室2厅 | 212.31平米 | 南 北 | 其他 | 底层(共1层)  | 暂无数据,2人关注 / 1个月以前发布,600,28261
南北通透两居室，满五年，低税费，,学府花园-密云其它,2室2厅 | 101.4平米 | 南 北 | 简装 | 底层(共1层) | 2013年建 | 板楼,1人关注 / 1个月以前发布,265,26135
房子空置，业主随时签约，满五唯一,开园小区-密云其它,3室2厅 | 132.82平米 | 南 北 | 毛坯 | 低楼层(共11层)  | 暂无数据,3人关注 / 1个月以前发布,380,28611
阳光城君山墅独栋别墅带花园120平米，视野开阔无遮挡,阳光城君山墅-密云其它,4室2厅 | 326平米 | 南 | 毛坯 | 2层  | 板楼 | 独栋别墅 ,100人关注 / 一年前发布,760,23313
京溪小区 南北通透 两居室  采光好视野好,京溪小区-密云其它,2室1厅 | 92.97平米 | 南 北 | 其他 | 中楼层(共6层)  | 暂无数据,11人关注 / 1个月以前发布,130,13984
君山墅独栋别墅 水系观景临球场视野好 200平米花园,阳光城君山墅-密云其它,5室2厅 | 364.53平米 | 东 南 西 北 | 其他 | 底层(共2层)  | 暂无数据,2人关注 / 1个月以前发布,970,26610
复式 南北通透 大六居，带南向大露台，业主诚售！,檀城西区-密云其它,6室2厅 | 198.31平米 | 南 北 | 简装 | 顶层(共6层) | 2009年建 | 暂无数据,10人关注 / 1个月以前发布,348,17549
此房满二年，楼层好，采光充足，精装修，拎包入住,龙湖长城源著-密云其它,1室1厅 | 64.81平米 | 南 北 | 精装 | 低楼层(共9层) | 2015年建 | 板楼,3人关注 / 1个月以前发布,120,18516
龙湖长城源著二期 南北大两居 观景好,龙湖长城源著-密云其它,2室1厅 | 81.95平米 | 南 北 | 精装 | 低楼层(共9层) | 2015年建 | 板楼,21人关注 / 3个月以前发布,150,18304
龙湖长城源著 1室1厅 85万,龙湖长城源著-密云其它,1室1厅 | 36.39平米 | 西 | 其他 | 高楼层(共6层)  | 板楼,0人关注 / 28天以前发布,85,23359
阳光城君山墅 5室3厅 1288万,阳光城君山墅-密云其它,5室3厅 | 538.76平米 | 东南 西北 南 北 | 其他 | 底层(共2层)  | 暂无数据,0人关注 / 5天以前发布,1288,23907
首创澜茵山 4室2厅 290万,首创澜茵山-密云其它,4室2厅 | 143.06平米 | 南 北 | 其他 | 低楼层(共7层)  | 暂无数据,0人关注 / 2天以前发布,290,20272
龙湖长城源著一期叠院 有花园 开窗好风景,龙湖长城源著-密云其它,2室1厅 | 79.63平米 | 南 北 | 其他 | 4层 | 2015年建 | 板楼,2人关注 / 30天以前发布,180,22605
龙湖长城源著 1室1厅 98万,龙湖长城源著-密云其它,1室1厅 | 40.99平米 | 南 | 精装 | 底层(共6层)  | 板楼,1人关注 / 28天以前发布,98,23909
3-4层 观景复式 有电梯，近景点门口 好出租,龙湖长城源著-密云其它,2室2厅 | 80.5平米 | 东南 西南 | 精装 | 低楼层(共9层)  | 板楼,6人关注 / 23天以前发布,160,19876
君山墅独栋别墅 大花园400平米  楼间距大 视野开阔,阳光城君山墅-密云其它,5室3厅 | 416.43平米 | 南 北 西北 东南 | 毛坯 | 底层(共2层)  | 暂无数据,7人关注 / 3个月以前发布,1000,24014
首创澜茵山 3室2厅 258万,首创澜茵山-密云其它,3室2厅 | 121.94平米 | 南 北 | 毛坯 | 顶层(共4层) | 2016年建 | 板楼,1人关注 / 15天以前发布,258,21158
品质社区  产权清晰 随时交易。,水岸花墅-密云其它,4室3厅 | 132.67平米 | 南 北 | 精装 | 顶层(共4层) | 2011年建 | 暂无数据,0人关注 / 11天以前发布,500,37688
龙湖长城源著 2室2厅 195万,龙湖长城源著-密云其它,2室2厅 | 79.55平米 | 南 北 | 其他 | 低楼层(共6层)  | 板楼,0人关注 / 1天以前发布,195,24513
龙湖长城源著 1室0厅 75万,龙湖长城源著-密云其它,1室0厅 | 29.52平米 | 东南 | 其他 | 8层  | 板楼,0人关注 / 1个月以前发布,75,25407
龙湖长城源著 1室0厅 75万,龙湖长城源著-密云其它,1室0厅 | 29.53平米 | 东南 | 其他 | 8层  | 板楼,0人关注 / 1个月以前发布,75,25398
龙湖长城源著 2室1厅 180万,龙湖长城源著-密云其它,2室1厅 | 50.06平米 | 东 西 | 其他 | 4层  | 板楼,0人关注 / 26天以前发布,180,35957
纯独栋别墅，前后门庭入院，前后花园各200平米,观唐云鼎-密云其它,8室2厅 | 547.3平米 | 南 北 | 毛坯 | 2层 | 2012年建 | 暂无数据 | 独栋别墅 ,68人关注 / 一年前发布,1560,28504
东西通透，诚意出售，随时可签，价格可谈,密东广场-密云其它,3室2厅 | 151.35平米 | 东 西 | 其他 | 高楼层(共22层)  | 暂无数据,3人关注 / 5个月以前发布,425,28081
龙湖长城 花园院子 户型端正 看房方便,龙湖长城源著-密云其它,2室1厅 | 78.39平米 | 南 北 | 精装 | 底层(共9层) | 2015年建 | 板楼,82人关注 / 8个月以前发布,165,21049
龙湖长城源著 一期 带电梯复式洋房 精装修,龙湖长城源著-密云其它,2室1厅 | 78.92平米 | 南 | 精装 | 中楼层(共8层)  | 暂无数据,47人关注 / 6个月以前发布,149,18880
龙湖长城源筑 一期 2层复式叠拼 业主诚意出售,龙湖长城源著-密云其它,2室1厅 | 50.18平米 | 南 北 | 精装 | 4层 | 2015年建 | 板楼,72人关注 / 6个月以前发布,145,28896
龙湖一期 低总价，环境好，管理好，购物方便,龙湖长城源著-密云其它,2室1厅 | 79.33平米 | 东 西 | 简装 | 低楼层(共9层) | 2015年建 | 板楼,10人关注 / 5个月以前发布,153,19287
首创澜茵山 密云的房子 商品房,首创澜茵山-密云其它,3室2厅 | 94.76平米 | 北 南 | 其他 | 中楼层(共12层) | 2014年建 | 暂无数据,26人关注 / 5个月以前发布,205,21634
龙湖长城源著 一期 低楼层精装修两居室出售,龙湖长城源著-密云其它,2室1厅 | 80.36平米 | 南 北 | 精装 | 1层  | 板楼,13人关注 / 4个月以前发布,183,22773
龙湖长城源著 2室2厅 140万,龙湖长城源著-密云其它,2室2厅 | 78.39平米 | 南 北 | 精装 | 底层(共9层) | 2015年建 | 板楼,60人关注 / 3个月以前发布,140,17860
龙湖长城源著一期 叠拼复式户型 精装修业主诚意出售,龙湖长城源著-密云其它,2室1厅 | 83.61平米 | 南 北 | 精装 | 4层 | 2015年建 | 板楼,48人关注 / 3个月以前发布,165,19735
龙湖长城源筑一期 带电梯 精装修复式2居室,龙湖长城源著-密云其它,3室1厅 | 78.92平米 | 南 北 东 西 | 精装 | 高楼层(共8层) | 2015年建 | 暂无数据,6人关注 / 3个月以前发布,158,20021
观景好房，一层带小院，精装修，靠谱卖,龙湖长城源著-密云其它,2室1厅 | 79.75平米 | 南 北 | 精装 | 底层(共3层)  | 板楼,33人关注 / 3个月以前发布,186,23323
龙湖长城源著一期 精装修叠拼 业主诚意出售,龙湖长城源著-密云其它,2室1厅 | 53.84平米 | 南 北 | 精装 | 4层  | 板楼,34人关注 / 3个月以前发布,140,26003
长城源著一期精装南向一居 带60平小院 诚意出售,龙湖长城源著-密云其它,1室1厅 | 29.39平米 | 南 | 精装 | 地下室(共7层)  | 暂无数据,21人关注 / 2个月以前发布,85,28922
密西花园三期 2室2厅 245万,密西花园三期-密云其它,2室2厅 | 102.53平米 | 南 北 | 简装 | 顶层(共6层)  | 暂无数据,2人关注 / 1个月以前发布,245,23896
龙湖长城源著 1室0厅 85万,龙湖长城源著-密云其它,1室0厅 | 36.39平米 | 东 | 精装 | 中楼层(共6层)  | 板楼,0人关注 / 7天以前发布,85,23359
密云独栋24226平商业车位充足,新南路40号-密云其它,2房间1卫 | 24226.8平米 | 东 南 西 北 | 毛坯 | 底层(共11层)  | 暂无数据,9人关注 / 11个月以前发布,30283.6,12501
龙湖长城源著 2室1厅 155万,龙湖长城源著-密云其它,2室1厅 | 50.06平米 | 东南 西北 | 其他 | 4层  | 板楼,0人关注 / 2个月以前发布,155,30963
龙湖长城源著 一期 带电梯复式 两居室,龙湖长城源著-密云其它,2室2厅 | 79.33平米 | 南 北 | 精装 | 8层  | 板楼,24人关注 / 5个月以前发布,145,18279
碧水花园2居室，楼间距大，一层光线好。,碧水花园-密云其它,2室2厅 | 92.98平米 | 南 北 | 简装 | 底层(共6层)  | 板楼,70人关注 / 4个月以前发布,166,17854
法式下叠边户，花园面积100多平米。,万科云溪-密云其它,2室3厅 | 256.41平米 | 南 | 毛坯 | 底层(共1层)  | 板楼,150人关注 / 4个月以前发布,460,17941
龙湖长城源著二期 观景好，南向花园，位置好,龙湖长城源著-密云其它,2室1厅 | 63.85平米 | 南 | 其他 | 底层(共3层)  | 板楼,24人关注 / 3个月以前发布,145,22710
长城源著精装跃层 环境优美 视野开阔,龙湖长城源著-密云其它,2室1厅 | 83.66平米 | 东南 | 精装 | 3层 | 2016年建 | 板楼,41人关注 / 2个月以前发布,140,16735
龙湖长城源著 2室1厅 150万,龙湖长城源著-密云其它,2室1厅 | 82.04平米 | 南 北 | 其他 | 顶层(共2层)  | 暂无数据,15人关注 / 2个月以前发布,150,18284
龙湖长城源著 1室1厅 110万,龙湖长城源著-密云其它,1室1厅 | 46.43平米 | 东南 | 精装 | 中楼层(共8层)  | 板楼,24人关注 / 2个月以前发布,110,23692
龙湖长城源著 3室2厅 570万,龙湖长城源著-密云其它,3室2厅 | 115.66平米 | 东南 | 精装 | 底层(共2层) | 2018年建 | 暂无数据,28人关注 / 1个月以前发布,570,49283
万科云溪 3室2厅 1050万,万科云溪-密云其它,3室2厅 | 290.65平米 | 东 南 西 北 | 其他 | 2层 | 2017年建 | 板楼 | 联排别墅 ,3人关注 / 1个月以前发布,1050,36126
次顶层精装修南北通透两居室，拎包入住,万科云溪-密云其它,2室2厅 | 90平米 | 南 北 | 其他 | 高楼层(共10层) | 2016年建 | 板楼,38人关注 / 7个月以前发布,220,24445
龙湖长城源著二期 叠拼复式精装修 开窗好风景,龙湖长城源著-密云其它,2室1厅 | 83.42平米 | 东南 北 | 精装 | 低楼层(共3层)  | 板楼,33人关注 / 3个月以前发布,160,19181
龙湖长城二期 南向大房 高楼层 带大露台 看长城和水镇,龙湖长城源著-密云其它,1室1厅 | 53.02平米 | 南 | 精装 | 顶层(共6层) | 2015年建 | 板楼,116人关注 / 3个月以前发布,115,21690
龙湖长城源著 1室1厅 110万,龙湖长城源著-密云其它,1室1厅 | 54.86平米 | 东南 | 精装 | 9层  | 板楼,39人关注 / 3个月以前发布,110,20052
龙湖长城源著二期 东向观景精装洋房看房方便,龙湖长城源著-密云其它,1室0厅 | 36.43平米 | 东 | 精装 | 底层(共8层)  | 板楼,20人关注 / 2个月以前发布,75,20588
龙湖长城源筑二期 一层双南向两居室 精装修,龙湖长城源著-密云其它,2室1厅 | 62.63平米 | 南 | 精装 | 底层(共1层)  | 暂无数据,12人关注 / 2个月以前发布,130,20757
密云 龙湖长城源著 南北两居室 精装修 看房方便,龙湖长城源著-密云其它,2室1厅 | 83.61平米 | 南 北 | 精装 | 中楼层(共4层)  | 暂无数据,70人关注 / 2个月以前发布,142,16984
龙湖长城源著二期 一层西向开间出售,龙湖长城源著-密云其它,1室0厅 | 36.49平米 | 西 | 其他 | 底层(共6层)  | 板楼,23人关注 / 2个月以前发布,79.3,21732
龙湖长城源著 1室1厅 78万,龙湖长城源著-密云其它,1室1厅 | 36.49平米 | 西 | 其他 | 中楼层(共8层)  | 板楼,6人关注 / 1个月以前发布,78,21376
龙湖长城源著 1室1厅 129.5万,龙湖长城源著-密云其它,1室1厅 | 57.14平米 | 南 | 其他 | 底层(共4层)  | 板楼,7人关注 / 1个月以前发布,129.5,22664
龙湖长城源著二期 高楼层西向开间出售,龙湖长城源著-密云其它,1室0厅 | 32.67平米 | 西 | 精装 | 中楼层(共8层)  | 板楼,12人关注 / 7个月以前发布,88,26937
龙湖长城源著2期 精装修带电梯西向一居 业主诚意出售,龙湖长城源著-密云其它,1室0厅 | 36.55平米 | 西 | 精装 | 中楼层(共8层)  | 板楼,110人关注 / 8个月以前发布,75,20520
龙湖长城二期 商品房 环境好 开间有阳台,龙湖长城源著-密云其它,1室0厅 | 36.39平米 | 西 | 其他 | 中楼层(共8层)  | 板楼,29人关注 / 3个月以前发布,78,21435
龙湖物业，一层带院子，采光无遮挡，依山傍水,龙湖长城源著-密云其它,1室1厅 | 36.46平米 | 西 | 精装 | 6层 | 2016年建 | 板楼,45人关注 / 3个月以前发布,96,26331
龙湖长城源著 1室0厅 82万,龙湖长城源著-密云其它,1室0厅 | 32.67平米 | 东 | 其他 | 顶层(共6层)  | 板楼,8人关注 / 1个月以前发布,82,25100
密云阳光城君山墅独栋  花园120平米 视野开阔无遮挡,阳光城君山墅-密云其它,4室1厅 | 322.56平米 | 南 北 | 其他 | 2层 | 2016年建 | 板楼,23人关注 / 7个月以前发布,820,25422
龙湖长城源著一期 叠院，有花园，水镇旁边,龙湖长城源著-密云其它,2室1厅 | 82.84平米 | 南 北 | 精装 | 4层 | 2015年建 | 板楼,46人关注 / 3个月以前发布,180,21729
阳光城君山别墅 毛坯房 花园独栋,君山别墅-密云其它,3室2厅 | 391.86平米 | 南 北 | 毛坯 | 底层(共2层) | 2011年建 | 板塔结合,164人关注 / 一年前发布,1000,25520
密云阳光城君山墅独栋 花园350平米 南入户北花园,阳光城君山墅-密云其它,5室2厅 | 398.99平米 | 南 北 | 其他 | 底层(共3层)  | 板楼,26人关注 / 6个月以前发布,850,21304
"雲溪法式独栋,花园450,露台40平270°观景",万科云溪-密云其它,3室3厅 | 268.99平米 | 南 北 | 其他 | 底层(共2层) | 2017年建 | 板楼,30人关注 / 8个月以前发布,1200,44612
长城源著一期边户大院子平层，环境优雅舒适 看房随时,龙湖长城源著-密云其它,2室2厅 | 80.82平米 | 南 北 | 精装 | 9层 | 2016年建 | 板楼,121人关注 / 2个月以前发布,198,24499
龙湖长城源筑一期 精装修满二复式两居室 楼层高景观好,龙湖长城源著-密云其它,2室1厅 | 78.39平米 | 东南 西北 | 精装 | 高楼层(共9层)  | 板楼,183人关注 / 6个月以前发布,136,17350
长城源著观景两居 精装修拎包入住 老少皆宜,龙湖长城源著-密云其它,2室2厅 | 79.33平米 | 南 | 精装 | 8层 | 2015年建 | 板楼,119人关注 / 3个月以前发布,130,16388
龙湖长城源著 2室1厅 155万,龙湖长城源著-密云其它,2室1厅 | 79.55平米 | 南 北 | 其他 | 低楼层(共3层)  | 暂无数据,10人关注 / 2个月以前发布,155,19485
万科云溪 3室2厅 430万,万科云溪-密云其它,3室2厅 | 291.31平米 | 南 | 毛坯 | 上叠(共5层) | 2017年建 | 板楼 | 叠拼别墅 ,140人关注 / 2个月以前发布,430,14761
龙湖长城源著 1室1厅 77万,龙湖长城源著-密云其它,1室1厅 | 32.67平米 | 西 | 精装 | 顶层(共6层)  | 暂无数据,11人关注 / 3个月以前发布,77,23570
龙湖长城源著一期 南向 高楼层 观景洋房 精装修,龙湖长城源著-密云其它,1室0厅 | 40.42平米 | 东南 | 精装 | 高楼层(共9层)  | 板楼,9人关注 / 1个月以前发布,99,24493
龙湖长城源著 1室0厅 76万,龙湖长城源著-密云其它,1室0厅 | 37平米 | 东 | 精装 | 低楼层(共6层)  | 板楼,20人关注 / 1个月以前发布,76,20541
万科云溪 3室2厅 256万,万科云溪-密云其它,3室2厅 | 120.8平米 | 南 北 | 其他 | 顶层(共5层)  | 暂无数据,38人关注 / 2个月以前发布,256,21193
精装修叠拼别墅，客厅大面宽，采光足,万科云溪-密云其它,4室2厅 | 184.43平米 | 南 北 | 其他 | 下叠(共5层)  | 板楼 | 叠拼别墅 ,85人关注 / 3个月以前发布,480,26027
长城源著一层带院户型，环境优雅，度假居住舒适,龙湖长城源著-密云其它,1室1厅 | 36.43平米 | 西 | 精装 | 底层(共6层) | 2016年建 | 板楼,60人关注 / 1个月以前发布,98,26901
阳光城君山别墅 独栋花园500平米 精装修 全明格局,阳光城君山墅-密云其它,5室3厅 | 358.72平米 | 北 南 东南 | 精装 | 底层(共2层)  | 板楼,24人关注 / 9个月以前发布,1066,29717
阳光城君山墅 独栋450平米花园 精装修 视野开阔,阳光城君山墅-密云其它,4室2厅 | 358.97平米 | 南 北 | 其他 | 底层(共2层)  | 板楼,81人关注 / 8个月以前发布,910,25351
密云君山墅独栋别墅 南向水系观景  视野开阔不遮挡,阳光城君山墅-密云其它,6室3厅 | 537.12平米 | 东南 南 西北 北 | 其他 | 底层(共2层)  | 板楼,25人关注 / 6个月以前发布,1400,26065
密云阳光城君山墅 独栋别墅花园300平米 带精装修,阳光城君山墅-密云其它,5室3厅 | 417.63平米 | 南 北 | 精装 | 底层(共2层)  | 板楼,230人关注 / 10个月以前发布,850,20353
独栋别墅，地上两层，地下一层，采光好,万科云溪-密云其它,4室3厅 | 290.65平米 | 南 北 | 其他 | 2层 | 2017年建 | 板楼,53人关注 / 一年前发布,820,28213
阳光城君山墅 独栋500平米花园 精装修 观景水系,阳光城君山墅-密云其它,5室3厅 | 442.19平米 | 东南 南 北 | 其他 | 底层(共2层)  | 板楼,57人关注 / 8个月以前发布,1300,29400
阳光城君山墅 边户南花园200平米 精装修,阳光城君山墅-密云其它,5室2厅 | 364.53平米 | 南 北 西 东 | 其他 | 底层(共2层)  | 板楼,39人关注 / 7个月以前发布,850,23318
君山墅独栋别墅 大花园500平米 楼间距大 视野开阔,阳光城君山墅-密云其它,5室2厅 | 411.65平米 | 南 北 | 其他 | 底层(共2层)  | 暂无数据,7人关注 / 2个月以前发布,1200,29151
上叠观景别墅，视野宽阔，采光充足,万科云溪-密云其它,3室2厅 | 192.89平米 | 南 北 | 其他 | 下叠(共5层)  | 板楼 | 叠拼别墅 ,198人关注 / 9个月以前发布,385,19960
有钥匙独栋别墅，地上两层地下一层，采光好，环境优美,万科云溪-密云其它,5室3厅 | 290.65平米 | 南 北 | 毛坯 | 2层 | 2017年建 | 板楼,9人关注 / 8个月以前发布,1050,36126
密云君山墅 北入户 南花园100平米 视野开阔 环境优美,阳光城君山墅-密云其它,3室2厅 | 311.43平米 | 南 北 | 其他 | 2层  | 板楼 | 独栋别墅 ,84人关注 / 4个月以前发布,690,22156
密云君山墅临湖观景别墅，600平米花园   视野无遮挡,阳光城君山墅-密云其它,4室2厅 | 365.07平米 | 东 西北 | 其他 | 2层  | 板楼 | 独栋别墅 ,8人关注 / 2个月以前发布,1240,33967
龙湖长城源著一期  5-6层精装修复式 业主诚意出售,龙湖长城源著-密云其它,2室1厅 | 80平米 | 东南 西北 | 精装 | 中楼层(共8层) | 2015年建 | 暂无数据,47人关注 / 4个月以前发布,150,18750
密云城市墅院 滨河园叠拼4室2厅 花园100平米 视野开阔,滨河园-密云其它,4室2厅 | 176.5平米 | 南 北 | 其他 | 底层(共2层)  | 暂无数据,271人关注 / 10个月以前发布,490,27763
独栋观景别墅 400万精装修 拎包入住开启品质生活,万科云溪-密云其它,4室2厅 | 293.58平米 | 南 北 东 西 | 精装 | 底层(共2层)  | 板楼,56人关注 / 8个月以前发布,1580,53819
阳光城君山墅独栋别墅，带200万精装修 花园90平米,阳光城君山墅-密云其它,5室2厅 | 321.87平米 | 南 北 西 | 其他 | 底层(共2层)  | 板楼,32人关注 / 7个月以前发布,995,30914
万科云溪 5室2厅 1100万,万科云溪-密云其它,5室2厅 | 299.97平米 | 南 北 | 其他 | 2层 | 2016年建 | 板楼 | 联排别墅 ,4人关注 / 1个月以前发布,1100,36671
次顶层精装修南北通透两居室，拎包入住,万科云溪-密云其它,2室2厅 | 90.39平米 | 南 北 | 其他 | 高楼层(共9层)  | 板楼,21人关注 / 4个月以前发布,249,27548
龙湖长城源筑一期 3-4层复式带电梯 精装修出售,龙湖长城源著-密云其它,2室1厅 | 79.33平米 | 东南 | 精装 | 低楼层(共9层) | 2016年建 | 板楼,420人关注 / 3个月以前发布,120,15127
