﻿标题,区域,描述,关注信息,总价（万）,单价（元/平方米）
新华联慧谷 3室2厅 280万,新华联慧谷-平谷其它,3室2厅 | 101.83平米 | 南 北 | 毛坯 | 中楼层(共17层) | 2015年建 | 板楼,0人关注 / 1个月以前发布,280,27497
平谷商办类二手房 新华联YOYO新天地 中楼层东向复式,新华联YOYO新天地-平谷其它,2房间1卫 | 40.77平米 | 东 | 毛坯 | 中楼层(共14层) | 2018年建 | 塔楼,16人关注 / 2个月以前发布,58,14227
蜜码空间 4房间1卫 98万,蜜码空间-平谷其它,4房间1卫 | 71.18平米 | 东 | 其他 | 中楼层(共13层) | 2016年建 | 塔楼,1人关注 / 31天以前发布,98,13768
平谷二手房 香醍花墅  2室1厅,香醍花墅-平谷其它,2室1厅 | 76.63平米 | 南 北 | 其他 | 底层(共1层) | 2017年建 | 暂无数据,1人关注 / 24天以前发布,192,25056
峪上桃墅林 独栋别墅 环境优美 空气怡人 周边景点多,峪上桃墅林-平谷其它,5室2厅 | 365.51平米 | 东 南 西 北 | 毛坯 | 底层(共3层) | 2016年建 | 暂无数据,49人关注 / 9个月以前发布,585,16006
平谷独栋别墅 带花园 毛坯装修 诚意出售,中昂邑上原著-平谷其它,5室2厅 | 369.53平米 | 南 北 | 毛坯 | 底层(共3层) | 2015年建 | 暂无数据,5人关注 / 4个月以前发布,999,27035
香墅湾1号，独立两居室，视野开阔，业主诚售！,天润香墅湾1号-平谷其它,2室2厅 | 102.07平米 | 南 北 | 毛坯 | 顶层(共30层)  | 板楼,3人关注 / 4个月以前发布,360,35270
平谷二手房 马坊地区商办类房屋,新华联YOYO新天地-平谷其它,2房间1卫 | 47.19平米 | 南 | 精装 | 中楼层(共14层) | 2018年建 | 板楼,2人关注 / 3个月以前发布,83,17589
新华联YOYO新天地层高4.2米复式 *高 税费少,新华联YOYO新天地-平谷其它,2房间1卫 | 38.86平米 | 北 | 其他 | 高楼层(共14层) | 2018年建 | 塔楼,38人关注 / 3个月以前发布,55,14154
新华联YOYO新天地 商办房层高4.2米复式 *高税费少,新华联YOYO新天地-平谷其它,2房间1卫 | 39.81平米 | 北 | 毛坯 | 高楼层(共14层) | 2018年建 | 塔楼,0人关注 / 3个月以前发布,80,20096
新华联YOYO新天地 商办类房屋 复式结构,新华联YOYO新天地-平谷其它,2房间1卫 | 39.83平米 | 北 | 其他 | 底层(共14层) | 2018年建 | 板楼,0人关注 / 2个月以前发布,70,17575
平谷二手商办类房屋 两边采光边户型 精装修,新华联YOYO新天地-平谷其它,2房间1卫 | 41.26平米 | 南 西 | 其他 | 中楼层(共14层)  | 塔楼,2人关注 / 1个月以前发布,83,20117
平谷二手房，852、918沿线，业主诚售！,天润香墅湾1号-平谷其它,3室2厅 | 118平米 | 南 北 | 精装 | 低楼层(共25层)  | 板楼,7人关注 / 9个月以前发布,390,33051
天润香墅湾一手房，从未入住过，毛坯现房。,天润香墅湾1号-平谷其它,3室2厅 | 152.48平米 | 南 北 | 毛坯 | 高楼层(共30层)  | 板楼,7人关注 / 9个月以前发布,465,30496
永安家园 3室2厅 245万,永安家园-平谷其它,3室2厅 | 114.27平米 | 南 北 | 其他 | 高楼层(共6层)  | 暂无数据,6人关注 / 4个月以前发布,245,21441
平谷城区二手房 怡馨家园 板楼高层三居,怡馨家园-平谷其它,3室2厅 | 133.36平米 | 南 北 | 其他 | 顶层(共6层)  | 暂无数据,3人关注 / 3个月以前发布,300,22496
炫城一居  需全款  楼层好 视野佳,嘉厚炫城国际-平谷其它,2房间1卫 | 75.97平米 | 北 | 其他 | 低楼层(共18层) | 2013年建 | 塔楼,2人关注 / 2个月以前发布,60,7898
南北通透三居，自住精装修，诚心出售，靠谱签约,金谷御景-平谷其它,3室2厅 | 128.19平米 | 南 北 | 精装 | 中楼层(共25层)  | 暂无数据,1人关注 / 1个月以前发布,320,24963
平谷 新华联YOYO悦城 西向 个人产权 复式结构,新华联YOYO悦城-平谷其它,1室1厅 | 47平米 | 西 | 其他 | 中楼层(共10层)  | 塔楼,0人关注 / 1天以前发布,75,15958
平谷二手房 首城汇景湾西区 南北通透一居室,首城汇景湾-平谷其它,1室1厅 | 71.9平米 | 南 北 | 其他 | 底层(共15层) | 2015年建 | 暂无数据,3人关注 / 21天以前发布,179,24896
平谷二手房 精装修 2室1厅  带电梯 双卧朝南,新华联慧谷-平谷其它,2室1厅 | 88.61平米 | 南 | 其他 | 高楼层(共17层) | 2015年建 | 板楼,2人关注 / 20天以前发布,215,24264
新华联慧谷 2室1厅  带电梯 双卧朝南,新华联慧谷-平谷其它,2室1厅 | 88.61平米 | 南 | 其他 | 高楼层(共17层) | 2015年建 | 板楼,0人关注 / 18天以前发布,230,25957
首城汇景湾 3室2厅 328万,首城汇景湾-平谷其它,3室2厅 | 153.67平米 | 南 北 | 毛坯 | 高楼层(共18层) | 2014年建 | 板楼,2人关注 / 1个月以前发布,328,21345
平谷精装修4室 看房方便 诚意出售,万德福广场-平谷其它,4室2厅 | 186.69平米 | 南 北 | 精装 | 顶层(共3层) | 2015年建 | 板塔结合,7人关注 / 2个月以前发布,545,29193
精装修 拎包入住 南北通透 随时看房,中昂邑上原著-平谷其它,2室1厅 | 80.16平米 | 南 北 | 精装 | 中楼层(共12层)  | 暂无数据,4人关注 / 1个月以前发布,253,31562
首城汇景湾毛坯3居室 一层带电梯 诚心出售,首城汇景湾-平谷其它,3室2厅 | 155.33平米 | 南 北 | 其他 | 底层(共16层) | 2014年建 | 板楼,9人关注 / 1个月以前发布,310,19958
新华联慧谷 3室1厅 265万,新华联慧谷-平谷其它,3室1厅 | 102.59平米 | 南 北 | 精装 | 中楼层(共16层) | 2015年建 | 板楼,2人关注 / 1个月以前发布,265,25831
紫贵御园南北通透三居室，满2年*高，视野好,紫贵御园-平谷其它,3室1厅 | 105.62平米 | 南 北 | 精装 | 中楼层(共15层) | 2016年建 | 板楼,12人关注 / 一年前发布,310,29351
双朝南向2居 商品房 有电梯 适合老人儿童居住,新华联慧谷-平谷其它,2室1厅 | 87.86平米 | 南 | 毛坯 | 低楼层(共17层) | 2015年建 | 板楼,1人关注 / 一年前发布,215,24471
新华联慧谷 2室2厅 245万,新华联慧谷-平谷其它,2室2厅 | 87.86平米 | 南 | 其他 | 中楼层(共17层) | 2015年建 | 板楼,1人关注 / 一年前发布,245,27886
中间楼层 南向北朝向四居室 税费少 节省购房成本,平翔东园-平谷其它,4室2厅 | 194.3平米 | 南 北 | 精装 | 中楼层(共6层) | 1997年建 | 板楼,5人关注 / 一年前发布,375,19301
精装修 高楼层 看房方便 诚意出售,万德福广场-平谷其它,3房间1卫 | 94.82平米 | 东南 | 精装 | 顶层(共9层)  | 暂无数据,6人关注 / 10个月以前发布,215,22675
紫贵庄园  电梯两居室 客厅卧室朝南 商品房,紫贵庄园-平谷其它,2室1厅 | 79.35平米 | 南 | 精装 | 中楼层(共20层)  | 暂无数据,6人关注 / 9个月以前发布,275,34657
平谷二手房，南北两居室，今年9月满五年唯,首城汇景湾-平谷其它,2室1厅 | 87.15平米 | 南 | 精装 | 高楼层(共18层) | 2014年建 | 板楼,2人关注 / 5个月以前发布,230,26392
新华联慧谷，精装双卫三居，楼间距大，业主诚售！,新华联慧谷-平谷其它,3室2厅 | 101.27平米 | 南 北 | 精装 | 低楼层(共18层) | 2015年建 | 板楼,5人关注 / 4个月以前发布,260,25674
炫城国际 需全款  带电梯总价低,嘉厚炫城国际-平谷其它,2房间1卫 | 61.36平米 | 南 北 | 精装 | 高楼层(共18层) | 2013年建 | 塔楼,39人关注 / 4个月以前发布,60,9779
刚需 改善 南北通透3居室  随时过户,兴谷园-平谷其它,3室1厅 | 97.11平米 | 南 北 | 简装 | 顶层(共6层) | 1995年建 | 暂无数据,2人关注 / 4个月以前发布,218,22449
林荫家园 精装修 小三居 高楼层,林荫家园-平谷其它,3室2厅 | 107.14平米 | 南 北 | 其他 | 顶层(共5层) | 2005年建 | 暂无数据,2人关注 / 3个月以前发布,250,23334
平谷二手房 平谷城区承平园小区 房本满五年自住房,承平园-平谷其它,4室2厅 | 102.86平米 | 南 北 | 其他 | 中楼层(共6层)  | 暂无数据,1人关注 / 3个月以前发布,279,27125
新平北路5号院 3室1厅 230万,新平北路5号院-平谷其它,3室1厅 | 87.81平米 | 南 北 | 简装 | 中楼层(共6层)  | 暂无数据,1人关注 / 3个月以前发布,230,26193
新华联慧谷 独立产权地下车位 随时可售,新华联慧谷-平谷其它,车位 | 29.23平米 | 南 北 | 2015年建 | 板楼,1人关注 / 2个月以前发布,9.5,3251
平谷区 新华联慧谷 独立产权 地下车位,新华联慧谷-平谷其它,车位 | 29.23平米 | 南 北  | 板楼,1人关注 / 2个月以前发布,9.5,3251
新华联YOYO悦城 个人产权 商品房 层高4.2复式,新华联YOYO悦城-平谷其它,3房间1卫 | 47.5平米 | 北 | 其他 | 中楼层(共10层) | 2016年建 | 塔楼,6人关注 / 2个月以前发布,85,17895
新华联YOYO悦城 个人产权商办类房屋 复式结构,新华联YOYO悦城-平谷其它,2室1厅 | 60.62平米 | 西 北 | 其他 | 中楼层(共10层) | 2016年建 | 塔楼,3人关注 / 2个月以前发布,99.8,16464
炫城一居 需全款 采光好 视野佳,嘉厚炫城国际-平谷其它,2房间1卫 | 54.53平米 | 东 北 | 其他 | 高楼层(共18层) | 2013年建 | 塔楼,5人关注 / 2个月以前发布,58,10637
首城汇景墅 5室2厅 700万,首城汇景墅-平谷其它,5室2厅 | 338.1平米 | 北 南 | 其他 | 底层(共3层) | 2016年建 | 暂无数据,4人关注 / 2个月以前发布,700,20704
紫贵御园 2室1厅 220万,紫贵御园-平谷其它,2室1厅 | 86.56平米 | 南 北 | 简装 | 顶层(共7层)  | 暂无数据,0人关注 / 1个月以前发布,220,25416
精装修电梯1居室位置好，总价低,首城汇景湾-平谷其它,1室1厅 | 74.49平米 | 南 北 | 精装 | 中楼层(共18层) | 2014年建 | 板楼,3人关注 / 1个月以前发布,185,24836
迎宾花园 2室2厅 258万,迎宾花园-平谷其它,2室2厅 | 106.89平米 | 西南 | 其他 | 顶层(共11层)  | 暂无数据,1人关注 / 1个月以前发布,258,24137
渔陽花園，精装2居室，视野开阔，业主诚意出售。,渔陽花園-平谷其它,2室2厅 | 103.3平米 | 西南 | 简装 | 中楼层(共29层)  | 暂无数据,18人关注 / 5个月以前发布,275,26622
首城汇景湾 契税票2020年8月满五年 自住精装修,首城汇景湾-平谷其它,2室1厅 | 74.3平米 | 南 北 | 精装 | 中楼层(共18层) | 2014年建 | 板楼,43人关注 / 2个月以前发布,186,25034
平谷 首城汇景湾 明厨明卫 契税票2020年8月满五年,首城汇景湾-平谷其它,1室1厅 | 67.88平米 | 东 北 | 其他 | 高楼层(共18层) | 2014年建 | 板楼,5人关注 / 1个月以前发布,170,25045
平谷 首城汇景湾 明厨明卫全明格局 税费少,首城汇景湾-平谷其它,1室1厅 | 67.92平米 | 东 北 | 其他 | 中楼层(共18层) | 2014年建 | 板楼,7人关注 / 1个月以前发布,170,25030
南北通透 正规2居 有电梯 适合老人儿童居住,新华联慧谷-平谷其它,2室2厅 | 102.49平米 | 东南 南 北 | 精装 | 顶层(共17层) | 2015年建 | 板楼,31人关注 / 一年前发布,270,26345
双朝南向正规2居 有电梯 适合老人儿童居住,新华联慧谷-平谷其它,2室1厅 | 87.86平米 | 南 北 | 精装 | 高楼层(共18层) | 2015年建 | 板楼,77人关注 / 一年前发布,230,26179
平谷二手房，天润香墅湾，独立两居室，业主诚售！,天润香墅湾1号-平谷其它,2室1厅 | 84.9平米 | 南 北 | 精装 | 低楼层(共12层) | 2014年建 | 板楼,13人关注 / 6个月以前发布,270,31803
紫贵御园 2室1厅 169万,紫贵御园-平谷其它,2室1厅 | 63.96平米 | 南 | 精装 | 顶层(共2层)  | 暂无数据,28人关注 / 1个月以前发布,169,26423
南向正规2居 有电梯 适合老人儿童居住,新华联慧谷-平谷其它,2室1厅 | 88.1平米 | 南 | 简装 | 底层(共17层) | 2015年建 | 板楼,8人关注 / 一年前发布,225,25540
平谷二手房 首城汇景湾 一层带小院三居 可预约看房,首城汇景湾-平谷其它,3室2厅 | 126.19平米 | 南 北 | 其他 | 底层(共9层) | 2014年建 | 板楼,85人关注 / 10个月以前发布,295,23378
腾飞园  平谷 2室1厅 带电梯,腾飞园-平谷其它,2室2厅 | 107.28平米 | 南 | 其他 | 中楼层(共18层)  | 暂无数据,11人关注 / 1个月以前发布,225,20974
南北通透正规3居 高层有电梯 适合老人儿童居住,新华联慧谷-平谷其它,3室2厅 | 101.11平米 | 南 北 | 精装 | 高楼层(共17层) | 2015年建 | 板楼,6人关注 / 一年前发布,280,27693
首城汇景湾 南北通透大三居 双卧朝南 中间层,首城汇景湾-平谷其它,3室2厅 | 155.89平米 | 南 北 | 其他 | 中楼层(共16层) | 2014年建 | 板楼,13人关注 / 3个月以前发布,320,20528
首城汇景墅 5室3厅 690万,首城汇景墅-平谷其它,5室3厅 | 338.11平米 | 南 北 | 毛坯 | 3层 | 2015年建 | 板楼 | 联排别墅 ,33人关注 / 1个月以前发布,690,20408
平谷二手房  腾飞园  毛坯2居室带电梯,腾飞园-平谷其它,2室1厅 | 95.26平米 | 南 | 其他 | 中楼层(共18层)  | 暂无数据,13人关注 / 1个月以前发布,190,19946
平谷二手房 商办类房屋 精装房 层高4.2米 可预约看房,新华联YOYO新天地-平谷其它,1室1厅 | 45.01平米 | 南 | 其他 | 高楼层(共14层) | 2018年建 | 板楼,34人关注 / 1个月以前发布,68,15108
正规南北通透三居室 一层带小院 交通便利,首城汇景湾-平谷其它,3室1厅 | 127.4平米 | 南 北 | 毛坯 | 底层(共9层) | 2014年建 | 板楼,51人关注 / 一年前发布,340,26688
平谷二手房 首城汇景湾 精装明厨明卫三居,首城汇景湾-平谷其它,3室2厅 | 117.03平米 | 南 北 | 其他 | 中楼层(共18层) | 2016年建 | 板楼,56人关注 / 一年前发布,289,24695
中卫世纪城 3室2厅 315万,中卫世纪城-平谷其它,3室2厅 | 144.57平米 | 南 北 | 其他 | 中楼层(共16层)  | 暂无数据,0人关注 / 7天以前发布,315,21789
平谷二手房 精装三居室未入住  房本满两年,首城汇景湾-平谷其它,3室2厅 | 135.49平米 | 南 北 | 精装 | 中楼层(共13层) | 2016年建 | 板楼,0人关注 / 3天以前发布,290,21404
平谷二手房 商办类房屋 个人产权 毛坯房,新华联YOYO悦城-平谷其它,2房间1卫 | 47.87平米 | 北 | 其他 | 中楼层(共10层) | 2016年建 | 塔楼,0人关注 / 1个月以前发布,72,15041
平谷二手房 个人产权商办类房屋 层高4.2米,新华联YOYO悦城-平谷其它,2房间1卫 | 43平米 | 北 | 其他 | 中楼层(共10层)  | 塔楼,0人关注 / 1个月以前发布,65,15117
平谷二手房 腾飞园  带电梯 全明户型,腾飞园-平谷其它,3室1厅 | 141.35平米 | 南 北 | 其他 | 高楼层(共18层) | 2015年建 | 板塔结合,3人关注 / 18天以前发布,225,15918
"精装修大三居,前无遮挡,视野好",首城汇景湾-平谷其它,3室2厅 | 152.48平米 | 南 北 | 精装 | 中楼层(共18层) | 2016年建 | 板楼,6人关注 / 30天以前发布,355,23282
首城108号院，精装修，带电梯全明眼镜户型，视野好！,首城汇景湾-平谷其它,3室2厅 | 135.95平米 | 南 北 | 精装 | 低楼层(共10层) | 2015年建 | 板楼,17人关注 / 29天以前发布,287,21111
中昂邑上原著 2室2厅 330万,中昂邑上原著-平谷其它,2室2厅 | 117.11平米 | 南 北 | 其他 | 底层(共1层)  | 暂无数据,0人关注 / 13天以前发布,330,28179
平谷核心位置，精装婚房，拎包入住。,平谷瑞丰花园-平谷其它,2室1厅 | 81.54平米 | 南 北 | 其他 | 低楼层(共18层)  | 暂无数据,4人关注 / 3个月以前发布,270,33113
平谷二手房 商办类房屋 个人产权南向精装房,新华联YOYO悦城-平谷其它,2房间1卫 | 34.35平米 | 南 | 其他 | 中楼层(共10层) | 2016年建 | 塔楼,2人关注 / 31天以前发布,66,19214
首城汇景湾 2室1厅 230万,首城汇景湾-平谷其它,2室1厅 | 87.19平米 | 南 | 毛坯 | 低楼层(共18层) | 2014年建 | 板楼,1人关注 / 28天以前发布,230,26380
平谷二手房 平谷城区新开街小区 生活方便出行便利,新开街小区-平谷其它,3室2厅 | 99.46平米 | 南 北 东 | 其他 | 底层(共5层) | 2002年建 | 板楼,0人关注 / 27天以前发布,240,24131
腾飞园 电梯房 精装1居室 视野开阔,腾飞园-平谷其它,1室1厅 | 63.25平米 | 南 | 精装 | 高楼层(共18层) | 2015年建 | 暂无数据,13人关注 / 1个月以前发布,155,24506
腾飞园  精装修电梯1居室 视野开阔采光好,腾飞园-平谷其它,1室1厅 | 61.66平米 | 南 | 精装 | 中楼层(共18层)  | 暂无数据,17人关注 / 1个月以前发布,145,23517
"852,918延线，独立两居室，精装修，拎包入住！",紫贵御园-平谷其它,2室1厅 | 85.57平米 | 南 北 | 精装 | 低楼层(共17层)  | 暂无数据,38人关注 / 2个月以前发布,195,22789
平谷新华联 精装修 正对花园 2居室,新华联慧谷-平谷其它,2室1厅 | 87.86平米 | 南 | 简装 | 中楼层(共18层) | 2015年建 | 板楼,58人关注 / 一年前发布,203,23105
首城汇景湾 东区自住精装修高楼层 南北通透两居,首城汇景湾-平谷其它,2室1厅 | 88.63平米 | 南 北 | 其他 | 高楼层(共18层) | 2016年建 | 板楼,6人关注 / 1个月以前发布,230,25951
平谷 首城汇景湾 轻奢新装修 中楼层 明厨明卫,首城汇景湾-平谷其它,3室2厅 | 135.41平米 | 北 南 | 精装 | 中楼层(共15层) | 2016年建 | 板楼,9人关注 / 1个月以前发布,340,25109
紫贵御园 3室1厅 286万,紫贵御园-平谷其它,3室1厅 | 117.36平米 | 南 北 | 简装 | 中楼层(共17层) | 2016年建 | 板楼,2人关注 / 1个月以前发布,286,24370
平谷二手房 腾飞园  带电梯  2室1厅,腾飞园-平谷其它,3室2厅 | 113.54平米 | 南 北 | 其他 | 中楼层(共18层) | 2015年建 | 暂无数据,2人关注 / 1个月以前发布,230,20258
平谷二手房 首城汇景湾 平层四居室 毛坯房,首城汇景湾-平谷其它,4室2厅 | 194.93平米 | 南 北 | 毛坯 | 中楼层(共18层) | 2016年建 | 板楼,36人关注 / 5个月以前发布,415,21290
腾飞园 电梯精装1居 采光好总价低,腾飞园-平谷其它,1室1厅 | 62.54平米 | 南 | 其他 | 低楼层(共18层) | 2017年建 | 暂无数据,24人关注 / 1个月以前发布,145,23186
平谷二手房 精装修电梯1居室 位置好总价低,腾飞园-平谷其它,1室1厅 | 62.54平米 | 南 | 其他 | 中楼层(共18层)  | 暂无数据,8人关注 / 1个月以前发布,150,23985
首城汇景湾 房本满两年 精装修自住四室三卫户型,首城汇景湾-平谷其它,4室2厅 | 194.93平米 | 南 北 | 其他 | 高楼层(共18层) | 2016年建 | 板楼,12人关注 / 2个月以前发布,460,23599
平谷二手房 首城汇景湾 西区毛坯房 房本满两年,首城汇景湾-平谷其它,3室2厅 | 133.52平米 | 南 北 | 其他 | 中楼层(共9层) | 2014年建 | 板楼,35人关注 / 8个月以前发布,285,21346
新华联慧谷 2室1厅  带电梯 采光好,新华联慧谷-平谷其它,2室1厅 | 88.84平米 | 南 | 其他 | 低楼层(共17层) | 2015年建 | 板楼,19人关注 / 22天以前发布,200,22513
商品房 南北通透 正规3居室 适合老人儿童居住,新华联慧谷-平谷其它,3室2厅 | 100.8平米 | 南 北 | 毛坯 | 底层(共18层) | 2015年建 | 板楼,5人关注 / 一年前发布,275,27282
平谷 二手房 电梯入户房 视野开阔 直观小龙河湿地公园,首城汇景湾-平谷其它,3室2厅 | 130.45平米 | 南 北 | 其他 | 低楼层(共14层) | 2015年建 | 板楼,41人关注 / 一年前发布,300,22998
平谷二手房 首城汇景湾 四居室 毛坯房 次顶层,首城汇景湾-平谷其它,4室2厅 | 194.93平米 | 南 北 | 其他 | 高楼层(共18层) | 2016年建 | 板楼,30人关注 / 一年前发布,460,23599
南北通透格局 卫生间有东窗  采光充足,首城汇景湾-平谷其它,3室2厅 | 138.65平米 | 南 北 | 其他 | 高楼层(共9层) | 2014年建 | 板楼,38人关注 / 10个月以前发布,295,21277
总价低一居室，精装修 ，婚房，拎包入住!,腾飞园-平谷其它,1室1厅 | 62.5平米 | 南 | 精装 | 中楼层(共18层)  | 板塔结合,78人关注 / 2个月以前发布,147,23520
乐园东小区 满五年唯一 税费少 一层上下楼方便配套齐,乐园东小区-平谷其它,2室2厅 | 81.02平米 | 南 北 | 简装 | 底层(共6层)  | 暂无数据,10人关注 / 一年前发布,248,30610
平谷二手房 首城汇景湾 电梯入户三居室 自住精装修,首城汇景湾-平谷其它,3室2厅 | 154.79平米 | 南 北 | 其他 | 低楼层(共18层) | 2014年建 | 板楼,0人关注 / 一年前发布,369,23839
有电梯 南北通透 高层 采光好 正规3居,新华联慧谷-平谷其它,3室2厅 | 101.83平米 | 南 北 | 精装 | 中楼层(共17层) | 2015年建 | 板楼,25人关注 / 9个月以前发布,265,26024
平谷二手房 首城汇景湾 房本已满两年 客厅正对公园,首城汇景湾-平谷其它,3室2厅 | 131.78平米 | 南 北 | 简装 | 高楼层(共12层) | 2015年建 | 板楼,10人关注 / 9个月以前发布,298,22614
平谷二手房 首城汇景湾 小区中心楼栋,首城汇景湾-平谷其它,3室2厅 | 151.96平米 | 南 北 | 其他 | 低楼层(共18层) | 2016年建 | 板楼,48人关注 / 8个月以前发布,298,19611
新华联慧谷4居室，业主诚意出售！,新华联慧谷-平谷其它,4室2厅 | 125.82平米 | 南 北 | 精装 | 高楼层(共18层) | 2015年建 | 板楼,19人关注 / 7个月以前发布,350,27818
精简三居室，精装修，业主诚意出售，,新华联慧谷-平谷其它,3室2厅 | 102.45平米 | 南 北 | 其他 | 中楼层(共17层) | 2015年建 | 板楼,21人关注 / 6个月以前发布,270,26355
新华联慧谷 南北通透3居室 精装带电梯,新华联慧谷-平谷其它,3室2厅 | 101平米 | 南 北 | 精装 | 高楼层(共18层) | 2015年建 | 板楼,14人关注 / 6个月以前发布,280,27723
华联慧谷精装修3居室，业主诚意出售。,新华联慧谷-平谷其它,3室2厅 | 102.45平米 | 南 北 | 精装 | 高楼层(共17层) | 2015年建 | 板楼,35人关注 / 6个月以前发布,260,25379
一层精装三居室，诚意出售，看房方便。,新华联慧谷-平谷其它,3室2厅 | 102.12平米 | 南 北 | 精装 | 底层(共17层) | 2015年建 | 板楼,18人关注 / 6个月以前发布,300,29378
新平北路3居室业主诚意出售，随时可看。,新平北路-平谷其它,3室2厅 | 116.04平米 | 南 北 | 简装 | 顶层(共6层)  | 暂无数据,4人关注 / 3个月以前发布,290,24992
