﻿标题,区域,描述,关注信息,总价（万）,单价（元/平方米）
总价合理，延庆城区大产权三居室出售。,八达岭镇住宅小区-延庆其它,3室2厅 | 107.18平米 | 南 北 | 其他 | 中楼层(共6层)  | 暂无数据,58人关注 / 1个月以前发布,125,11663
阳光假日，八达岭山庄，独栋别墅，院子600平米,阳光假日金棕苑一期-延庆其它,4室3厅 | 273.62平米 | 东 南 西 北 | 精装 | 底层(共3层)  | 塔楼,180人关注 / 一年前发布,800,29238
阳光假日金棕苑一期 5室2厅 750万,阳光假日金棕苑一期-延庆其它,5室2厅 | 258.7平米 | 东 南 西 北 | 其他 | 底层(共2层)  | 塔楼,12人关注 / 29天以前发布,750,28992
南北通透，双露台，半山腰，环境好,八达岭镇住宅小区-延庆其它,4室1厅 | 164平米 | 南 北 | 其他 | 顶层(共5层)  | 暂无数据,6人关注 / 24天以前发布,280,17074
新兴小区  板楼精装修   看房方便,新兴小区-延庆其它,2室1厅 | 60.74平米 | 南 北 | 精装 | 顶层(共3层)  | 暂无数据,3人关注 / 27天以前发布,155,25519
房源满五唯一商品房南北通透诚心出售,南菜园北二区-延庆其它,3室2厅 | 93.53平米 | 南 北 | 精装 | 中楼层(共6层) | 1998年建 | 板楼,20人关注 / 8个月以前发布,226,24164
延庆好别墅   业主诚心出售   价格可谈,阳光假日别墅-延庆其它,4室2厅 | 308.6平米 | 东 南 西 北 | 毛坯 | 顶层(共3层)  | 板楼,29人关注 / 8个月以前发布,600,19443
板楼南北通透，格局好，采光充足，诚意出售。,国润家园-延庆其它,3室2厅 | 118.33平米 | 南 北 | 精装 | 顶层(共6层)  | 暂无数据,3人关注 / 2个月以前发布,256,21635
复式结构，四室双卫双阳台，业主诚意出售,八达岭镇住宅小区-延庆其它,4室1厅 | 175.15平米 | 南 北 | 精装 | 高楼层(共6层) | 2004年建 | 暂无数据,7人关注 / 30天以前发布,306,17471
精装修  南北通透  拎包入住,城建万科城-延庆其它,1室2厅 | 68.36平米 | 南 北 | 精装 | 顶层(共9层) | 2018年建 | 板楼,0人关注 / 8天以前发布,179,26185
