﻿标题,描述,成交周期,成交日期,挂牌价（万）,成交价（万）,单价（元/平方米）
龙湖长城源著 1室0厅 36.52平米,东 | 其他 中楼层(共9层) 板楼,38天,2019.10.16,70,68,18620
龙湖长城源著 1室0厅 36.39平米,东 | 其他 中楼层(共6层) 板楼,2天,2019.09.12,67,67,18412
首创澜茵山 3室1厅 96.93平米,南 北 | 毛坯 中楼层(共16层) 2016年建板楼,7天,2019.07.24,176,168,17333
龙湖长城源著 1室0厅 32.67平米,东 | 其他 顶层(共6层) 2015年建板楼,77天,2019.07.11,85,71,21733
麓秀佳园 1室1厅 84.79平米,南 北 | 简装 底层(共6层) 暂无数据 房屋满五年,267天,2019.07.04,120,108,12738
阳光城君山墅 5室3厅 311.6平米,东南 南 北 | 精装 底层(共2层) 2013年建板楼,131天,2019.03.19,860,560,17972
博世庄园 2室2厅 100.66平米,南 北 | 简装 底层(共4层) 2001年建暂无数据 房屋满五年,288天,2019.03.14,190,184,18280
麓秀佳园 2室2厅 99.08平米,南 北 | 精装 中楼层(共6层) 2006年建暂无数据 房屋满两年,162天,2019.02.27,155,146,14736
龙湖长城源著 1室1厅 64.81平米,南 | 简装 中楼层(共9层) 2015年建板楼,166天,2018.12.11,120,115,17745
首创澜茵山 4室2厅 123.09平米,南 北 | 其他 高楼层(共15层) 2016年建暂无数据,181天,2018.11.24,230,190,15436
首创澜茵山 4室1厅 123.4平米,南 北 | 简装 高楼层(共16层) 2016年建板楼,142天,2018.08.23,250,220,17829
万科弗农小镇 2室1厅 90.76平米,南 | 毛坯 高楼层(共10层) 2017年建暂无数据,11天,2018.07.30,150,150,16528
城后街32号院 2室1厅 91.86平米,南 北 | 其他 高楼层(共18层) 2013年建塔楼,1天,2015.12.25,143,143,15568
万科云溪 3室2厅 119.52平米,南 北 | 精装 中楼层(共10层) 2016年建板楼 房屋满两年,77天,2020.06.21,275,275,23009
龙湖长城源著 1室0厅 36.43平米,南 | 精装 中楼层(共6层) 2018年建板楼,42天,2020.06.15,73,72,19764
龙湖长城源著 2室2厅 84.89平米,南 北 | 精装 中楼层(共6层) 2018年建板楼,22天,2020.06.13,150,143,16846
龙湖长城源著 1室0厅 32.7平米,西 | 精装 顶层(共6层) 2017年建板楼,41天,2020.06.08,75,74,22630
龙湖长城源著 1室1厅 36.46平米,西 | 精装 高楼层(共6层) 2016年建板楼,28天,2020.06.05,71,71,19337
龙湖长城源著 1室0厅 32.67平米,东 | 精装 中楼层(共8层) 2016年建板楼,142天,2020.06.04,70,69,21121
龙湖长城源著 1室1厅 36.55平米,东 | 精装 中楼层(共8层) 2010年建板楼,153天,2020.06.01,73,70,19152
龙湖长城源著 1室0厅 36.43平米,西 | 精装 中楼层(共6层) 2016年建板楼,53天,2020.05.31,72,71,19490
阳光城君山墅 4室2厅 328.91平米,南 西 北 | 其他 底层(共2层) 板楼 房屋满两年,188天,2020.05.28,720,705,21435
龙湖长城源著 1室0厅 36.43平米,西 | 精装 低楼层(共6层) 2016年建板楼,23天,2020.05.27,73,68,18666
龙湖长城源著 1室0厅 36.71平米,西 | 精装 中楼层(共6层) 暂无数据,99天,2020.05.26,78,70,19069
龙湖长城源著 1室1厅 36.46平米,东南 | 精装 底层(共6层) 2016年建板楼,37天,2020.05.18,73,72,19748
龙湖长城源著 1室0厅 36.81平米,西 | 精装 中楼层(共6层) 2016年建暂无数据,76天,2020.05.17,76,70,19017
龙湖长城源著 1室0厅 36.39平米,东 | 精装 中楼层(共6层) 2015年建板楼,62天,2020.05.15,72,71,19511
龙湖长城源著 1室0厅 40.82平米,南 | 其他 高楼层(共8层) 2015年建板楼 房屋满两年,160天,2020.05.15,93,93,22783
云秀花园 2室1厅 93.62平米,南 北 | 精装 底层(共4层) 2004年建暂无数据,300天,2020.05.10,275,245,26085
龙湖长城源著 1室0厅 36.39平米,东 | 精装 中楼层(共8层) 2017年建板楼,60天,2020.05.09,72,71,19374
龙湖长城源著 1室0厅 36.39平米,东 | 精装 低楼层(共6层) 2017年建板楼,49天,2020.05.08,72,70,19099
万科云溪 3室2厅 204.22平米,南 北 | 毛坯 中楼层(共5层) 板楼,246天,2020.05.01,385,376,18412
万科云溪 1室0厅 26.53平米,南 | 其他 地下室(共5层) 板楼,1天,2020.04.15,5,5,1885
万科云溪 3室2厅 192.53平米,南 北 | 其他 中楼层(共5层) 板楼,138天,2020.04.15,450,433,22475
龙湖长城源著 1室0厅 36平米,西 | 精装 顶层(共4层) 2015年建板楼,17天,2020.04.07,75,75,20834
阳光城君山墅 3室2厅 312.16平米,北 南 | 毛坯 底层(共2层) 2001年建板楼,277天,2020.04.06,615,610,19542
龙湖长城源著 1室0厅 36.81平米,西 | 精装 顶层(共5层) 2018年建暂无数据,21天,2020.03.23,75,73,19832
龙湖长城源著 1室0厅 36.39平米,西 | 精装 高楼层(共6层) 板楼,14天,2020.03.11,75,73,20061
龙湖长城源著 2室1厅 78平米,南 北 | 其他 底层(共4层) 2015年建板楼,31天,2020.02.22,160,153,19616
龙湖长城源著 1室0厅 39.76平米,南 | 其他 高楼层(共9层) 板楼 房屋满两年,47天,2020.02.13,92,90,22636
龙湖长城源著 1室0厅 36.39平米,西 | 其他 低楼层(共8层) 板楼,13天,2019.12.20,80,70,19237
君山别墅 5室2厅 364.53平米,南 北 西 东 | 其他 底层(共2层) 2014年建暂无数据,2天,2019.12.18,1150,1120,30725
龙湖长城源著 1室1厅 36.55平米,西 | 其他 底层(共8层) 板楼,35天,2019.12.08,80,72,19700
