﻿标题,描述,成交周期,成交日期,挂牌价（万）,成交价（万）,单价（元/平方米）
新华联慧谷 2室2厅 101.83平米,南 北 | 其他 高楼层(共17层) 2015年建板楼,19天,2018.05.14,285,260,25533
首城汇景湾 2室1厅 85.52平米,南 西 北 | 毛坯 中楼层(共10层) 2014年建板楼 房屋满两年,187天,2018.04.30,230,215,25141
新华联慧谷 2室2厅 101.83平米,南 北 | 精装 中楼层(共17层) 2015年建板楼 房屋满两年,41天,2018.04.07,285,260,25533
首城汇景湾 3室2厅 131.06平米,南 北 | 其他 高楼层(共12层) 2015年建板楼,139天,2018.03.30,310,291,22204
首城汇景湾 3室2厅 153.67平米,南 北 | 其他 顶层(共18层) 2014年建板楼,6天,2018.03.22,340,315,20499
首城汇景湾 2室2厅 87.16平米,南 北 | 其他 中楼层(共10层) 2014年建板楼 房屋满两年,112天,2018.02.26,255,236,27077
首城汇景湾 2室2厅 85.52平米,南 北 | 其他 中楼层(共10层) 2014年建板楼 房屋满两年,106天,2018.02.26,245,220,25725
首城汇景湾 3室2厅 134.28平米,南 北 | 其他 中楼层(共9层) 2014年建板楼,53天,2018.02.07,340,318,23682
首城汇景湾 3室1厅 153.67平米,南 北 | 其他 中楼层(共18层) 2014年建板楼,69天,2017.12.19,400,364,23675
首城汇景湾 2室2厅 87.67平米,南 北 | 精装 高楼层(共18层) 2014年建板楼,201天,2017.10.28,263,239,27262
首城汇景湾 2室1厅 82.78平米,南 北 | 其他 底层(共10层) 2014年建板楼,7天,2017.09.26,260,254,30684
首城汇景湾 3室2厅 152.87平米,南 北 | 精装 高楼层(共9层) 2014年建板楼,104天,2017.09.05,400,355,23223
首城汇景湾 3室2厅 153平米,南 北 | 精装 中楼层(共15层) 2014年建板楼,28天,2016.10.25,350,300,19608
首城汇景湾 2室1厅 85.53平米,南 北 | 精装 顶层(共15层) 2014年建板楼,12天,2016.09.29,205,200,23384
首城汇景湾 3室2厅 126.19平米,南 北 | 精装 底层(共9层) 2014年建板楼 房屋满两年,820天,2020.06.12,310,303,24012
首城汇景湾 2室1厅 86.3平米,西南 | 精装 中楼层(共18层) 2014年建板楼 房屋满两年,30天,2020.06.06,204,201,23291
首城汇景湾 车位,南 北 | 其他 地下室 2015年建暂无数据,1天,2020.05.24,10,10,1796
首城汇景湾 3室2厅 123.75平米,南 北 | 其他 底层(共12层) 2015年建板楼 房屋满两年,55天,2020.05.24,300,292,23596
首城汇景湾 3室2厅 130.2平米,南 北 | 精装 中楼层(共14层) 2015年建板楼 房屋满两年,299天,2020.05.23,288,288,22120
首城汇景湾 2室1厅 88.59平米,南 北 | 精装 顶层(共18层) 2016年建板楼 房屋满两年,15天,2020.05.05,198,195,22012
首城汇景湾 3室2厅 134.07平米,南 北 | 精装 低楼层(共9层) 2014年建板楼 房屋满两年,28天,2020.04.18,291,285,21258
新华联YOYO新天地 2房间1卫 39.68平米,北 | 其他 低楼层(共14层) 2016年建板楼,19天,2020.04.13,60,60,14995
首城汇景湾 3室2厅 134.19平米,南 北 | 其他 顶层(共9层) 2014年建板楼 房屋满两年,225天,2020.04.11,265,258,19175
腾飞园 1室1厅 61.7平米,南 | 精装 高楼层(共18层) 板塔结合 房屋满两年,45天,2020.02.28,135,132,21394
首城汇景湾 3室2厅 152.48平米,南 北 | 其他 中楼层(共9层) 2014年建板楼 房屋满两年,278天,2020.01.18,315,305,20003
首城汇景湾 2室2厅 90.24平米,南 北 | 其他 中楼层(共16层) 2016年建板楼,17天,2019.09.15,210,208,23050
首城汇景湾 3室1厅 151.05平米,南 北 | 毛坯 低楼层(共9层) 2014年建板楼 房屋满两年,640天,2019.08.10,300,293,19385
首城汇景湾 2室1厅 86平米,南 北 | 其他 高楼层(共18层) 2014年建板楼,118天,2019.07.06,230,205,23838
首城汇景湾 2室2厅 88.74平米,南 北 | 精装 高楼层(共18层) 2016年建暂无数据,133天,2019.06.26,220,212,23891
首城汇景湾 3室2厅 155.89平米,南 北 | 其他 中楼层(共16层) 2016年建板楼,21天,2019.06.07,300,290,18603
首城汇景湾 3室2厅 117.03平米,南 北 | 精装 中楼层(共18层) 2016年建板楼,116天,2019.05.22,269,263,22473
首城汇景湾 1室1厅 74.27平米,南 北 | 其他 低楼层(共18层) 2014年建板楼 房屋满两年,450天,2019.05.19,160,159,21409
首城汇景湾 3室2厅 152平米,南 北 | 其他 中楼层(共18层) 2016年建板楼,51天,2019.05.07,300,286,18816
首城汇景湾 3室2厅 136.56平米,南 北 | 毛坯 高楼层(共13层) 2014年建板楼,421天,2019.05.04,310,288,21090
首城汇景湾 2室1厅 86.3平米,南 西 | 精装 高楼层(共18层) 2014年建板楼 房屋满两年,242天,2019.03.13,210,199,23060
新华联慧谷 3室2厅 101.6平米,南 北 | 简装 高楼层(共17层) 2015年建板楼 房屋满两年,7天,2019.03.06,235,237,23327
首城汇景湾 2室1厅 87.07平米,南 北 | 精装 低楼层(共10层) 2014年建板楼 房屋满两年,177天,2019.02.24,205,205,23545
首城汇景湾 2室2厅 90平米,南 北 | 其他 低楼层(共18层) 2014年建板楼,414天,2019.01.21,260,208,23112
新华联慧谷 3室2厅 125.83平米,南 北 | 其他 高楼层(共18层) 2015年建板楼 房屋满两年,240天,2018.10.24,305,288,22889
首城汇景湾 3室2厅 139.03平米,南 北 | 精装 高楼层(共9层) 2014年建板楼 房屋满两年,300天,2018.10.24,290,288,20715
首城汇景湾 2室1厅 86平米,南 北 | 其他 高楼层(共10层) 2014年建板楼,3天,2018.09.17,220,208,24187
首城汇景湾 2室1厅 88.64平米,南 | 其他 中楼层(共15层) 2015年建暂无数据 房屋满两年,34天,2018.09.17,219,205,23094
首城汇景湾 3室1厅 117.01平米,南 北 | 其他 高楼层(共18层) 2014年建板楼,150天,2018.09.09,255,254,21708
首城汇景湾 2室1厅 126.96平米,南 北 | 其他 底层(共9层) 2016年建板楼,3天,2018.07.17,360,341,26859
