﻿标题,描述,成交周期,成交日期,挂牌价（万）,成交价（万）,单价（元/平方米）
鸿翔花园 5室2厅 313.82平米,南 北 | 其他 底层(共2层) 暂无数据,7天,2018.12.28,920,900,28679
益田影人四季花园 3室2厅 153.95平米,南 北 | 其他 顶层(共7层) 暂无数据,2天,2018.12.10,450,430,27932
融城园北区 3室1厅 106.36平米,南 北 | 精装 顶层(共6层) 2003年建板塔结合 房屋满五年,144天,2018.03.06,288,279,26232
欧郡香水城 9室3厅 343.97平米,南 北 | 其他 地下室(共2层) 2010年建塔楼 房屋满两年,194天,2017.02.25,1200,1050,30526
